,songid,artist,title,releasedate,album,cleaned_title
0,1,"아르마딜로 (Armadillo), BANG CHAN, CHANGBIN, HAN (Stray Kids), 랑가 (Rangga)",hellevator,11/1/2017,Mixtape,hellevator
1,2,"CHANGBIN, FELIX (Stray Kids), LEE KNOW, BANG CHAN, This N That",GLOW,1/8/2018,Mixtape,glow
2,3,"원택 (1Take) (KOR), Trippy (트리피), HAN (Stray Kids), CHANGBIN, BANG CHAN",grrrlawoftotalmadnessgrrr,1/8/2018,Mixtape,grrrlawoftotalmadnessgrrr
3,4,"HAN (Stray Kids), CHANGBIN, BANG CHAN, ​earattack",YAYAYA,1/8/2018,Mixtape,yayaya
4,5,"BANG CHAN, CHANGBIN, HAN (Stray Kids), Trippy (트리피)",어린 날개 (Spread My Wings),1/8/2018,Mixtape,spreadmywings
5,6,"HAN (Stray Kids), CHANGBIN, BANG CHAN, SEUNGMIN, HYUNJIN",4419,1/8/2018,Mixtape,4419
6,7,"HAN (Stray Kids), KIM WOOJIN (김우진), BANG CHAN, CHANGBIN, Brandon P. Lowry, I.N, Tobias Karlsson, Matthew Engst, This N That, Sangmi Kim",SCHOOL LIFE,1/8/2018,Mixtape,schoollife
7,8,"BANG CHAN, CHANGBIN, HAN (Stray Kids), ​collapsedone, Fredrik “Fredro” Ödesjö",Mirror,3/26/2018,I am NOT,mirror
8,9,"BANG CHAN, 홍지상 (Hong Ji Sang)",NOT!,3/26/2018,I am NOT,not
9,10,"BANG CHAN, CHANGBIN, HAN (Stray Kids), 김박첼라 (Kim Park Chella)",Awaken,3/26/2018,I am NOT,awaken
10,11,"BANG CHAN, KIM WOOJIN (김우진), CHANGBIN, HAN (Stray Kids), LEE KNOW, HYUNJIN, FELIX (Stray Kids), SEUNGMIN, I.N",Mixtape #1,3/26/2018,I am NOT,mixtape1
11,12,"BANG CHAN, CHANGBIN, HAN (Stray Kids), 영광의 얼굴들 (Glory Face)",Rock (돌),3/26/2018,I am NOT,rockdol
12,13,"BANG CHAN, CHANGBIN, HAN (Stray Kids), Trippy (트리피)",잘 하고 있어 (Grow Up),3/26/2018,I am NOT,growupjalhagoisseo
13,14,"BANG CHAN, CHANGBIN, HAN (Stray Kids), This N That",3rd Eye,3/26/2018,I am NOT,3rdeye
14,15,"Trippy (트리피), HAN (Stray Kids), CHANGBIN, BANG CHAN",District 9,3/26/2018,I am NOT,district9
15,16,"BANG CHAN, CHANGBIN, HAN (Stray Kids), 김몽이 (Kim Mong I)",M.I.A,8/6/2018,I am WHO,mia
16,17,"BANG CHAN, CHANGBIN, HAN (Stray Kids), HotSauce",QUESTION,8/6/2018,I am WHO,question
17,18,"BANG CHAN, CHANGBIN, HAN (Stray Kids), TIME (KOR)",갑자기 분위기 싸해질 필요 없잖아요 (Awkward Silence),8/6/2018,I am WHO,awkwardsilence
18,19,"BANG CHAN, CHANGBIN, HAN (Stray Kids), ​earattack, Larmòók",My Pace,8/6/2018,I am WHO,mypace
19,20,"BANG CHAN, KIM WOOJIN (김우진), LEE KNOW, CHANGBIN, HYUNJIN, HAN (Stray Kids), FELIX (Stray Kids), SEUNGMIN, I.N",Mixtape #2,8/6/2018,I am WHO,mixtape2
20,21,"K​Z, SPACE ONE (KOR), BANG CHAN, CHANGBIN, HAN (Stray Kids)",불면증 (Insomnia),8/6/2018,I am WHO,insomnia
21,22,"BANG CHAN, CHANGBIN, HAN (Stray Kids), Trippy (트리피)",VOICES,8/6/2018,I am WHO,voices
22,23,"HAN (Stray Kids), FELIX (Stray Kids), KIM WOOJIN (김우진)",WHO?,8/6/2018,I am WHO,who
23,24,"BANG CHAN, CHANGBIN, HAN (Stray Kids), ​collapsedone, K​Z, J-Hype, ZENE THE ZILLA (제네 더 질라)",I am YOU,10/22/2018,I am YOU,iamyou
24,25,"BANG CHAN, KIM WOOJIN (김우진), LEE KNOW, CHANGBIN, HYUNJIN, HAN (Stray Kids), FELIX (Stray Kids), SEUNGMIN, I.N",Mixtape #3,10/22/2018,I am YOU,mixtape3
25,26,"BANG CHAN, CHANGBIN, HAN (Stray Kids), FRANTS",편 (My Side),10/22/2018,I am YOU,myside
26,27,"BANG CHAN, CHANGBIN, HAN (Stray Kids), 이해솔 (Lee Hae Sol)",해장국 (Hero’s Soup),10/22/2018,I am YOU,herossoup
27,28,"BANG CHAN, CHANGBIN, HAN (Stray Kids), SLO (슬로)",극과 극 N/S,10/22/2018,I am YOU,ns
28,29,"BANG CHAN, CHANGBIN, HAN (Stray Kids), 홍지상 (Hong Ji Sang)",325,10/22/2018,I am YOU,325
29,30,"BANG CHAN, CHANGBIN, HAN (Stray Kids), Inner Child (이너차일드), 윤종성 (Yoon Jong Sung), 송하은 (Song Ha Eun), TOTEM",Get Cool,10/22/2018,I am YOU,getcool
30,31,"CHANGBIN, HYUNJIN, I.N, 홍지상 (Hong Ji Sang)",YOU.,10/22/2018,I am YOU,you
31,32,"BANG CHAN, CHANGBIN, HAN (Stray Kids), Brian Atwood",MIROH,3/25/2019,Clé 1 : MIROH,miroh
32,33,"BANG CHAN, CHANGBIN, HAN (Stray Kids), 영광의 얼굴들 (Glory Face), Jake K",Boxer,3/25/2019,Clé 1 : MIROH,boxer
33,34,"HAN (Stray Kids), BANG CHAN",19,3/25/2019,Clé 1 : MIROH,19
34,35,,Entrance,3/25/2019,Clé 1 : MIROH,entrance
35,36,"BANG CHAN, CHANGBIN, HAN (Stray Kids), J;KEY (제이키) (KOR)",잠깐의 고요 (Maze of Memories),3/25/2019,Clé 1 : MIROH,mazeofmemories
36,37,"BANG CHAN, CHANGBIN, HAN (Stray Kids), ​earattack, Larmòók",승전가 (Victory Song),3/25/2019,Clé 1 : MIROH,victorysong
37,38,"BANG CHAN, CHANGBIN, HAN (Stray Kids), KAIROS, SamUIL",Chronosaurus,3/25/2019,Clé 1 : MIROH,chronosaurus
38,39,"BANG CHAN, KIM WOOJIN (김우진), LEE KNOW, CHANGBIN, HYUNJIN, HAN (Stray Kids), FELIX (Stray Kids), SEUNGMIN, I.N",Mixtape #4,3/25/2019,Clé 1 : MIROH,mixtape4
39,40,"BANG CHAN, CHANGBIN, HAN (Stray Kids), TAK (탁), 원택 (1Take) (KOR)",부작용 (Side Effects),6/19/2019,Clé 2 : Yellow Wood,sideeffects
40,41,"BANG CHAN, CHANGBIN, HAN (Stray Kids), Matthew Tishler, Andrew Underberg, Crash Cove",밟힌 적 없는 길 (Road Not Taken),6/19/2019,Clé 2 : Yellow Wood,roadnottaken
41,42,"BANG CHAN, CHANGBIN, HAN (Stray Kids), TIME (KOR), GRVVITY",별생각 (TMT),6/19/2019,Clé 2 : Yellow Wood,tmt
42,43,,FANCY (Cover),6/28/2019,<single>,fancycover
43,44,"HAN (Stray Kids), BANG CHAN, CHANGBIN",Double Knot,10/9/2019,<single>,doubleknot
44,45,,끝나지 않을 이야기 (Neverending Story) (Instrumental),11/7/2019,어쩌다 발견한 하루 (Extraordinary You) OST Part 7,neverendingstoryinstrumental
45,46,"Park Se Jun (박세준), TAIBIAN (타이비언), CHANGBIN",끝나지 않을 이야기 (Neverending Story),11/7/2019,어쩌다 발견한 하루 (Extraordinary You) OST Part 7,neverendingstory
46,47,"BANG CHAN, HAN (Stray Kids), CHANGBIN",Astronaut,11/13/2019,Clé : LEVANTER,astronaut
47,48,J.Y. Park,Again & Again (Cover),12/7/2019,<single>,againagaincover
48,49,HAN (Stray Kids),Sunshine,12/9/2019,Clé : LEVANTER,sunshine
49,50,"HAN (Stray Kids), CHANGBIN, BANG CHAN",STOP,12/9/2019,Clé : LEVANTER,stop
50,51,"3RACHA, HAN (Stray Kids), BANG CHAN, CHANGBIN",You Can Stay,12/9/2019,Clé : LEVANTER,youcanstay
51,52,"HAN (Stray Kids), BANG CHAN, CHANGBIN",Booster,12/9/2019,Clé : LEVANTER,booster
52,53,"HYUNJIN, I.N, SEUNGMIN, FELIX (Stray Kids), LEE KNOW, BANG CHAN, HAN (Stray Kids), CHANGBIN, Stray Kids",Mixtape #5,12/9/2019,Clé : LEVANTER,mixtape5
53,54,"BANG CHAN, CHANGBIN, HAN (Stray Kids), Nick Furlong, DallasK",Double Knot (Album Version),12/9/2019,Clé : LEVANTER,doubleknotalbumversion
54,55,"Herz Analog, J.Y. Park, CHANGBIN, BANG CHAN, HAN (Stray Kids)",바람 (Levanter),12/9/2019,Clé : LEVANTER,levanter
55,56,BANG CHAN,Mixtape: Gone Days,12/26/2019,GO生,mixtapegonedays
56,57,"BANG CHAN, HAN (Stray Kids), CHANGBIN, J.Y. Park, Herz Analog, 홍지상 (Hong Ji Sang)",Levanter (English Ver.),1/24/2020,Step Out of Clé,levanterenglishversion
57,58,"BANG CHAN, CHANGBIN, HAN (Stray Kids)",Double Knot (English Ver.),1/24/2020,Step Out of Clé,doubleknotenglishversion
58,59,,뱅뱅뱅 (BANG BANG BANG) (Cover),2/10/2020,<single>,bangbangbangcover
59,60,"Inner Child (이너차일드), BANG CHAN, CHANGBIN, HAN (Stray Kids), 윤종성 (Yoon Jong Sung), 송하은 (Song Ha Eun), TOTEM",Get Cool (SKZ2020 Ver.),3/18/2020,SKZ2020,getcoolskz2020ver
60,61,"BANG CHAN, CHANGBIN, HAN (Stray Kids), Trippy (트리피)",잘 하고 있어 (Grow Up) (SKZ2020 Ver.),3/18/2020,SKZ2020,growupskz2020ver
61,62,"HAN (Stray Kids), CHANGBIN, BANG CHAN, 원택 (1Take) (KOR), TAK (탁)",부작용 (Side Effects) (SKZ2020 Ver.),3/18/2020,SKZ2020,sideeffectsskz2020ver
62,63,"BANG CHAN, CHANGBIN, HAN (Stray Kids), ​earattack",YAYAYA (SKZ2020 Ver.),3/18/2020,SKZ2020,yayayaskz2020ver
63,64,"CHANGBIN, HAN (Stray Kids), BANG CHAN, 아르마딜로 (Armadillo)",Hellevator (SKZ2020 Ver.),3/18/2020,SKZ2020,hellevatorskz2020ver
64,65,"BANG CHAN, CHANGBIN, HAN (Stray Kids), Trippy (트리피)",VOICES (SKZ2020 Ver.),3/18/2020,SKZ2020,voicesskz2020ver
65,66,"BANG CHAN, CHANGBIN, HAN (Stray Kids), Trippy (트리피)",어린 날개 (Spread My Wings) (SKZ2020 Ver.),3/18/2020,SKZ2020,spreadmywingsskz2020ver
66,67,"HAN (Stray Kids), CHANGBIN, BANG CHAN, ​earattack, Larmòók",Victory Song (SKZ2020 Ver.),3/18/2020,SKZ2020,victorysongskz2020ver
67,68,"BANG CHAN, CHANGBIN, HAN (Stray Kids), ​earattack, Larmòók, J.Y. Park",My Pace (SKZ2020 Ver.),3/18/2020,SKZ2020,mypaceskz2020ver
68,69,"BANG CHAN, CHANGBIN, HAN (Stray Kids), 김몽이 (Kim Mong I)",M.I.A (SKZ2020 Ver.),3/18/2020,SKZ2020,miaskz2020ver
69,70,"KM-Markit, J.Y. Park, HAN (Stray Kids), CHANGBIN, BANG CHAN",My Pace -Japanese ver.-,3/18/2020,SKZ2020,mypacejapanesever
70,71,"BANG CHAN, CHANGBIN, HAN (Stray Kids), Brian Atwood",MIROH (SKZ2020 Ver.),3/18/2020,SKZ2020,mirohskz2020ver
71,72,"TIME (KOR), GRVVITY",별생각 (TMT) (SKZ2020 Ver.),3/18/2020,SKZ2020,tmtskz2020ver
72,73,"BANG CHAN, CHANGBIN, HAN (Stray Kids), ​collapsedone, Fredrik “Fredro” Ödesjö",Mirror (SKZ2020 Ver.),3/18/2020,SKZ2020,mirrorskz2020ver
73,74,"BANG CHAN, CHANGBIN, HAN (Stray Kids), ​collapsedone, J-Hype, K​Z, ZENE THE ZILLA (제네 더 질라)",I am YOU (SKZ2020 Ver.),3/18/2020,SKZ2020,iamyouskz2020ver
74,75,"BANG CHAN, CHANGBIN, HAN (Stray Kids), HotSauce",Question (SKZ2020 Ver.),3/18/2020,SKZ2020,questionskz2020ver
75,76,"J.Y. Park, KM-Markit, 홍지상 (Hong Ji Sang), Herz Analog, HAN (Stray Kids), CHANGBIN, BANG CHAN",風 (Levanter) -Japanese ver.-,3/18/2020,SKZ2020,levanterjapanesever
76,77,,BOXER (SKZ2020 Ver.),3/18/2020,SKZ2020,boxerskz2020ver
77,78,"BANG CHAN, CHANGBIN, HAN (Stray Kids), Trippy (트리피)",District 9 (SKZ2020 Ver.),3/18/2020,SKZ2020,district9skz2020ver
78,79,"BANG CHAN, CHANGBIN, HAN (Stray Kids), TIME (KOR)",갑자기 분위기 싸해질 필요 없잖아요 (Awkward Silence) (SKZ2020 Ver.),3/18/2020,SKZ2020,awkwardsilenceskz2020ver
79,80,"BANG CHAN, CHANGBIN, HAN (Stray Kids), Trippy (트리피), 원택 (1Take) (KOR)",BEWARE (Grrr 총량의 법칙) (SKZ2020 Ver.),3/18/2020,SKZ2020,bewaregrrrskz2020ver
80,81,"BANG CHAN, CHANGBIN, HAN (Stray Kids), KAIROS, SamUIL",Chronosaurus (SKZ2020 Ver.),3/18/2020,SKZ2020,chronosaurusskz2020ver
81,82,"BANG CHAN, HAN (Stray Kids)",19 (SKZ2020 Ver.),3/18/2020,SKZ2020,19skz2020ver
82,83,"Nick Furlong, KM-Markit, HAN (Stray Kids), DallasK, CHANGBIN, BANG CHAN",Double Knot -Japanese ver.-,3/18/2020,SKZ2020,doubleknotjapanesever
83,84,"B.O. (KOR), K​Z, CHANGBIN",바보라도 알아 - Mixtape : On Track,3/25/2020,GO生,mixtapeontrack
84,85,"BANG CHAN, CHANGBIN, HAN (Stray Kids), KM-Markit, 아르마딜로 (Armadillo)",TOP (Japanese Version),4/28/2020,TOP,topjapaneseversion
85,86,"HAN (Stray Kids), KM-Markit",SLUMP (Japanese Version),5/6/2020,TOP,slumpjapaneseversion
86,87,"HAN (Stray Kids), CHANGBIN, BANG CHAN, 아르마딜로 (Armadillo)",TOP,5/13/2020,TOP,topkoreanversion
87,88,HAN (Stray Kids),SLUMP,5/13/2020,TOP,slumpkoreanversion
88,89,"HAN (Stray Kids), BANG CHAN",SLUMP (English Version),5/15/2020,TOP,slumpenglishversion
89,90,"BANG CHAN, CHANGBIN, HAN (Stray Kids), 아르마딜로 (Armadillo)",TOP (English Version),5/20/2020,TOP,topenglishversion
90,91,"HAN (Stray Kids), KM-Markit",SLUMP (Japanese Version) [神之塔 / Tower of God],6/3/2020,TOP,slumpjapaneseversiontowerofgod
91,92,,SLUMP (Instrumental),6/3/2020,TOP,slumpinstrumental
92,93,,TOP (Instrumental),6/3/2020,TOP,topinstrumental
93,94,"BANG CHAN, CHANGBIN, HAN (Stray Kids), 아르마딜로 (Armadillo), KM-Markit",TOP (Japanese Version) [神之塔 / Tower of God],6/3/2020,TOP,topjapaneseversiontowerofgod
94,95,"HAN (Stray Kids), CHANGBIN, BANG CHAN, ​earattack, 이스란 (Lee Seu Ran)",청사진 (Blueprint),6/17/2020,GO生,blueprint
95,96,"3RACHA, HAN (Stray Kids), CHANGBIN, BANG CHAN",神메뉴 (God’s Menu),6/17/2020,GO生,godsmenu
96,97,HAN (Stray Kids),일상 (Another Day),6/17/2020,GO生,anotherday
97,98,"베르사최 (VERSACHOI), HAN (Stray Kids), CHANGBIN, BANG CHAN",Phobia,6/17/2020,GO生,phobia
98,99,"손지아 (Son Ji Ah) (153/Joombas), CHANGBIN, BANG CHAN, Young Chance, 손영진 (Son Young Jin)",비행기 (Airplane),6/17/2020,GO生,airplane
99,100,"HAN (Stray Kids), CHANGBIN, BANG CHAN",타 (TA),6/17/2020,GO生,ta
100,101,"진리 (Jinli), HAN (Stray Kids), CHANGBIN, BANG CHAN",Pacemaker,6/17/2020,GO生,pacemaker
101,102,"3RACHA, HAN (Stray Kids), CHANGBIN, BANG CHAN",GO生,6/17/2020,GO生,go
102,103,BANG CHAN,Haven,6/17/2020,GO生,haven
103,104,"3RACHA, HAN (Stray Kids), CHANGBIN, BANG CHAN",Easy,6/17/2020,GO生,easy
104,105,"BANG CHAN, CHANGBIN, HAN (Stray Kids), 홍지상 (Hong Ji Sang)",Hello Stranger,7/16/2020,만찢남녀 (POP OUT BOY!) Part.1,hellostranger
105,106,,Hello Stranger (Instrumental),7/16/2020,만찢남녀 (POP OUT BOY!) Part.1,hellostrangerinstrumental
106,107,,IN生 Mashup,9/8/2020,<single>,inmashup
107,108,"BANG CHAN, CHANGBIN, HAN (Stray Kids)",토끼와 거북이 (The Tortoise and the Hare),9/14/2020,IN生,thetortoiseandthehare
108,109,"BANG CHAN, CHANGBIN, HAN (Stray Kids), 3RACHA",아니 (Any),9/14/2020,IN生,any
109,110,"3RACHA, BANG CHAN, CHANGBIN, HAN (Stray Kids)",Back Door,9/14/2020,IN生,backdoor
110,111,"I.N, SEUNGMIN, CHANGBIN, 웅킴 (Woong Kim), 이기 (Iggy) (KOR)",My Universe,9/14/2020,IN生,myuniverse
111,112,"BANG CHAN, CHANGBIN, HAN (Stray Kids)",B Me,9/14/2020,IN生,bme
112,113,"BANG CHAN, CHANGBIN",미친 놈 (Ex),9/14/2020,IN生,ex
113,114,"KASS, FELIX (Stray Kids), HYUNJIN, LEE KNOW",Wow,9/14/2020,IN生,wow
114,115,"BANG CHAN, CHANGBIN, HAN (Stray Kids)",We Go,9/14/2020,IN生,wego
115,116,"BANG CHAN, CHANGBIN, HAN (Stray Kids), KM-Markit",神メニュー (God’s Menu) -Japanese ver.-,10/7/2020,ALL IN,godsmenujapaneseversion
116,117,"KM-Markit, HAN (Stray Kids), CHANGBIN, BANG CHAN",Back Door -Japanese ver.-,10/13/2020,ALL IN,backdoorjapaneseversion
117,118,"J.Y. Park, BANG CHAN, CHANGBIN, HAN (Stray Kids), KM-Markit",ALL IN,10/20/2020,ALL IN,allin
118,119,"JUN2, CHANGBIN, KM-Markit",One Day,10/27/2020,ALL IN,oneday
119,120,"BANG CHAN, CHANGBIN, HAN (Stray Kids), KM-Markit",FAM,10/27/2020,ALL IN,fam
120,121,"J.Y. Park, 3RACHA",ALL IN (Korean Ver.) (English translation),11/26/2020,<single>,allinkoreanverenglishtranslation
121,122,"J.Y. Park, BANG CHAN, CHANGBIN, HAN (Stray Kids)",ALL IN (Korean Ver.),11/26/2020,<single>,allinkoreanver
122,123,"SUGA (슈가), Roman Campolo, RM, Supreme Boi, Pdogg, ​j-hope",Dionysus,12/18/2020,<single>,dionysus
123,124,,My House (Cover),12/28/2020,<single>,myhousecover
124,125,"LIM HYUNSIK, LEE MINHYUK (이민혁) (HUTA), PENIEL, Ilhoon (일훈), BANG CHAN, CHANGBIN, HAN (Stray Kids), FELIX (Stray Kids), EDEN (이든) (KOR), NATHAN (네이슨) (KOR)",기도 (I’ll Be Your Man) (Stray Kids Ver.),4/30/2021,KINGDOM RE-BORN Part.2,illbeyourmanstraykidsver
125,126,"Teddy Park, BANG CHAN, CHANGBIN, HAN (Stray Kids), FELIX (Stray Kids), 24, R.Tee, Bekuh BOOM",신뚜두뚜두 (God’s DDU-DU DDU-DU),5/20/2021,<single>,godsddududdudu
126,127,"BANG CHAN, CHANGBIN, HAN (Stray Kids)",WOLFGANG,5/28/2021,KINGDOM FINAL : WHO IS THE KING?,wolfgang
127,128,"BANG CHAN, CHANGBIN, Nick Lee, Josh Wei",오늘 밤 나는 불을 켜 (Up All Night),6/19/2021,SKZ-REPLAY,upallnight
128,129,"3RACHA, Kobee, Holy M",Mixtape: 애 (OH),6/26/2021,NOEASY,mixtapeoh
129,130,"HAN (Stray Kids), JINBYJIN (진바이진), Cazzi Opeia, Gabriel Brandes",말할 수 없는 비밀 (Secret Secret),8/23/2021,NOEASY,secretsecret
130,131,"BANG CHAN, CHANGBIN, HAN (Stray Kids), 베르사최 (VERSACHOI)",WOLFGANG (Album Version),8/23/2021,NOEASY,wolfgangalbumversion
131,132,"HAN (Stray Kids), SEUNGMIN, I.N, 아르마딜로 (Armadillo), Gump (KOR)",Gone Away,8/23/2021,NOEASY,goneaway
132,133,"BANG CHAN, CHANGBIN, HAN (Stray Kids), 홍지상 (Hong Ji Sang)",Silent Cry,8/23/2021,NOEASY,silentcry
133,134,"CHANGBIN, Millionboy (밀리언보이)","좋아해서 미안 (Sorry, I Love You)",8/23/2021,NOEASY,sorryiloveyou
134,135,"BANG CHAN, CHANGBIN, HAN (Stray Kids), 베르사최 (VERSACHOI)",CHEESE,8/23/2021,NOEASY,cheese
135,136,"BANG CHAN, HYUNJIN",강박 (Red Lights),8/23/2021,NOEASY,redlights
136,137,"BANG CHAN, CHANGBIN, HAN (Stray Kids), HotSauce",소리꾼 (Thunderous),8/23/2021,NOEASY,thunderous
137,138,"BANG CHAN, CHANGBIN, HAN (Stray Kids), Krysta Youngs, TELYKast",The View,8/23/2021,NOEASY,theview
138,139,"CHANGBIN, LEE KNOW, FELIX (Stray Kids), 베르사최 (VERSACHOI)",Surfin’,8/23/2021,NOEASY,surfin
139,140,"BANG CHAN, CHANGBIN, HAN (Stray Kids), 베르사최 (VERSACHOI)",DOMINO,8/23/2021,NOEASY,domino
140,141,"BANG CHAN, CHANGBIN, HAN (Stray Kids), ByHVN",씩 (SSICK),8/23/2021,NOEASY,ssick
141,142,"​earattack, BANG CHAN, CHANGBIN, HAN (Stray Kids), 깔로스 (Callous (KOR)), DaviDior",Star Lost,8/23/2021,NOEASY,starlost
142,143,"HotSauce, KM-Markit, HAN (Stray Kids), CHANGBIN, BANG CHAN",ソリクン (Thunderous) -Japanese Ver.-,9/23/2021,THE SOUND,thunderousjapaneseversion
143,144,"BANG CHAN, CHANGBIN, HAN (Stray Kids), KM-Markit, 아르마딜로 (Armadillo)",Scars,10/6/2021,THE SOUND,scars
144,145,"HAN (Stray Kids), BANG CHAN, KM-Markit",CALL,10/13/2021,Scars / ソリクン (Thunderous) -Japanese ver.-,call
145,146,"BANG CHAN, Nickko Young (노현동)",24 to 25,11/29/2021,Christmas EveL,24to25
146,147,"HAN (Stray Kids), ​earattack",Winter Falls,11/29/2021,Christmas EveL,winterfalls
147,148,"BANG CHAN, CHANGBIN, HAN (Stray Kids), 베르사최 (VERSACHOI), FELIX (Stray Kids), Junoflo (주노플로)",DOMINO (English Ver.),11/29/2021,Christmas EveL,dominoenglishversion
148,149,"BANG CHAN, CHANGBIN, HAN (Stray Kids), HotSauce",Christmas EveL,11/29/2021,Christmas EveL,christmasevel
149,150,"BANG CHAN, CHANGBIN, HAN (Stray Kids), 김박첼라 (Kim Park Chella)",Awaken (SKZ2021 Ver.),12/23/2021,SKZ2021,awakenskz2021ver
150,151,"BANG CHAN, LEE KNOW, CHANGBIN, HYUNJIN, HAN (Stray Kids), FELIX (Stray Kids), SEUNGMIN, I.N",그림자도 빛이 있어야 존재 (Behind The Light),12/23/2021,SKZ2021,behindthelight
151,152,"BANG CHAN, CHANGBIN, HAN (Stray Kids), This N That",3rd Eye (SKZ2021 Ver.),12/23/2021,SKZ2021,3rdeyeskz2021ver
152,153,,Scars (Korean Ver.),12/23/2021,SKZ2021,scarskoreanver
153,154,"BANG CHAN, CHANGBIN, HAN (Stray Kids), 영광의 얼굴들 (Glory Face)",ROCK (돌) (SKZ2021 Ver.),12/23/2021,SKZ2021,rockskz2021ver
154,155,"BANG CHAN, CHANGBIN, HAN (Stray Kids), 홍지상 (Hong Ji Sang)",0325 (SKZ2021 Ver.),12/23/2021,SKZ2021,0325skz2021ver
155,156,"BANG CHAN, LEE KNOW, CHANGBIN, HYUNJIN, HAN (Stray Kids), FELIX (Stray Kids), SEUNGMIN, I.N",For You,12/23/2021,SKZ2021,foryou
156,157,"BANG CHAN, CHANGBIN, HAN (Stray Kids), LEE KNOW, HYUNJIN, FELIX (Stray Kids), SEUNGMIN, I.N, ​collapsedone",Placebo,12/23/2021,SKZ2021,placebo
157,158,"BANG CHAN, LEE KNOW, CHANGBIN, HYUNJIN, HAN (Stray Kids), FELIX (Stray Kids), SEUNGMIN, I.N",Hoodie Season,12/23/2021,SKZ2021,hoodieseason
158,159,"BANG CHAN, CHANGBIN, HAN (Stray Kids), K​Z, SPACE ONE (KOR)",불면증 (Insomnia) (SKZ2021 Ver.),12/23/2021,SKZ2021,insomniaskz2021ver
159,160,,잠깐의 고요 (Maze of Memories) (SKZ2021 Ver.) (Romanized),12/23/2021,<single>,mazeofmemoriesskz2021verromanized
160,161,"BANG CHAN, CHANGBIN, HAN (Stray Kids), FRANTS",편 (My Side) (SKZ2021 Ver.),12/23/2021,SKZ2021,mysideskz2021ver
161,162,"BANG CHAN, CHANGBIN, HAN (Stray Kids), J;KEY (제이키) (KOR)",잠깐의 고요 (Maze of Memories) (SKZ2021 Ver.),12/23/2021,SKZ2021,mazeofmemoriesskz2021ver
162,163,"BANG CHAN, LEE KNOW, CHANGBIN, HYUNJIN, HAN (Stray Kids), FELIX (Stray Kids), SEUNGMIN, I.N",고장난 나침반 (Broken Compass),12/23/2021,SKZ2021,brokencompass
163,164,"BANG CHAN, CHANGBIN, HAN (Stray Kids), SLO (슬로)",극과 극 (N/S) (SKZ2021 Ver.),12/23/2021,SKZ2021,nsskz2021ver
164,165,"HYUNJIN, FELIX (Stray Kids), I.N, SEMI KIM",#LoveSTAY,12/31/2021,SKZ-REPLAY,lovestay
165,166,,ODDINARY Mashup,3/13/2022,<single>,oddinarymashup
166,167,"BANG CHAN, CHANGBIN, HAN (Stray Kids)",MANIAC,3/18/2022,ODDINARY,maniac
167,168,"BANG CHAN, LEE KNOW, SEUNGMIN, I.N",피어난다 (Waiting For Us),3/18/2022,ODDINARY,waitingforus
168,169,"BANG CHAN, CHANGBIN, HAN (Stray Kids)",땡 (FREEZE),3/18/2022,ODDINARY,freeze
169,170,"BANG CHAN, CHANGBIN",Lonely St.,3/18/2022,ODDINARY,lonelyst
170,171,"CHANGBIN, HYUNJIN, HAN (Stray Kids), FELIX (Stray Kids)",Muddy Water,3/18/2022,ODDINARY,muddywater
171,172,"BANG CHAN, CHANGBIN, HAN (Stray Kids)",Charmer,3/18/2022,ODDINARY,charmer
172,173,"BANG CHAN, CHANGBIN, HAN (Stray Kids)",거미줄 (VENOM),3/18/2022,ODDINARY,venom
173,174,"BANG CHAN, CHANGBIN, HAN (Stray Kids), 베르사최 (VERSACHOI), KM-Markit",MANIAC (Japanese Version),5/15/2022,CIRCUS,maniacjapaneseversion
174,175,"BANG CHAN, CHANGBIN, JUN2, KM-Markit",Your Eyes,6/1/2022,CIRCUS,youreyes
175,176,"BANG CHAN, CHANGBIN, HAN (Stray Kids), ​earattack, ​chAN’s, DARM, KM-Markit",CIRCUS,6/10/2022,CIRCUS,circus
176,177,"BANG CHAN, CHANGBIN, HAN (Stray Kids), Yo-Hei, DallasK",蜘蛛の巣 (VENOM) (Japanese Version),6/22/2022,CIRCUS,venomjapaneseversion
177,178,"BANG CHAN, HAN (Stray Kids), CHANGBIN, KM-Markit, 홍지상 (Hong Ji Sang)",Silent Cry (Japanese Version),6/22/2022,CIRCUS,silentcryjapaneseversion
178,179,"HAN (Stray Kids), Millionboy (밀리언보이), KM-Markit",Fairytale,6/22/2022,CIRCUS,fairytale
179,180,"BANG CHAN, CHANGBIN, HAN (Stray Kids), 베르사최 (VERSACHOI), JUN2",Mixtape : Time Out,8/1/2022,★★★★★ (5-STAR),mixtapetimeout
180,181,,MAXIDENT Mashup,9/19/2022,<single>,maxidentmashup
181,182,"Czaer, 마카롱 (MarkAlong), Stephen Lee, Bashment YC, Owo, BANG CHAN, CHANGBIN, HAN (Stray Kids)",HEYDAY,9/20/2022,스트릿 맨 파이터 (Street Man Fighter) Original Vol. 4 (Crew Songs),heyday
182,183,"HYUNJIN, FELIX (Stray Kids), LEE KNOW, BANG CHAN",TASTE,10/7/2022,MAXIDENT,taste
183,184,"BANG CHAN, CHANGBIN, HAN (Stray Kids), TAK (탁), 원택 (1Take) (KOR)",Give Me Your TMI,10/7/2022,MAXIDENT,givemeyourtmi
184,185,"BANG CHAN, CHANGBIN, HAN (Stray Kids)",3RACHA,10/7/2022,MAXIDENT,3racha
185,186,"BANG CHAN, CHANGBIN, HAN (Stray Kids), 김박첼라 (Kim Park Chella)",SUPER BOARD,10/7/2022,MAXIDENT,superboard
186,187,"BANG CHAN, CHANGBIN, HAN (Stray Kids), ​earattack, ​chAN’s, DARM",CIRCUS (Korean Ver.),10/7/2022,MAXIDENT,circuskoreanversion
187,188,"SEUNGMIN, I.N, 홍지상 (Hong Ji Sang)",나 너 좋아하나봐 (Can’t Stop),10/7/2022,MAXIDENT,cantstop
188,189,"HAN (Stray Kids), BANG CHAN",식혀 (CHILL),10/7/2022,MAXIDENT,chill
189,190,"BANG CHAN, CHANGBIN, HAN (Stray Kids), Raphael (라파엘) (KOR), Daviid (3scape), Yosia (3scape)",CASE 143,10/7/2022,MAXIDENT,case143
190,191,"BANG CHAN, CHANGBIN, HAN (Stray Kids), Raphael (라파엘) (KOR), Daviid (3scape), Yosia (3scape), KM-Markit",CASE 143 -Japanese version-,12/15/2022,THE SOUND,case143japaneseversion
191,192,"BANG CHAN, CHANGBIN, HAN (Stray Kids), 베르사최 (VERSACHOI)",FAM (Korean Ver.),12/21/2022,SKZ-REPLAY,famkoreanversion
192,193,Stray Kids,Deep End,12/21/2022,<single>,deepend
193,194,"BANG CHAN, CHANGBIN, HAN (Stray Kids), D&H (PURPLE NIGHT), Kyle Reynolds, Zack Djurich, Chris LaRocca",THE SOUND,1/28/2023,THE SOUND,thesound
194,195,"BANG CHAN, CHANGBIN, JUN2, KM-Markit",There,2/15/2023,THE SOUND,there
195,196,"BANG CHAN, CHANGBIN, HAN (Stray Kids), FRANTS, KM-Markit",Battle Ground,2/22/2023,THE SOUND,battleground
196,197,,THE SOUND (Instrumental),2/22/2023,THE SOUND,thesoundinstrumental
197,198,"HAN (Stray Kids), BANG CHAN, KM-Markit",CHILL -Japanese ver.-,2/22/2023,THE SOUND,chilljapaneseversion
198,199,"HYUNJIN, Yo-Hei, BANG CHAN, 베르사최 (VERSACHOI)",DLMLU,2/22/2023,THE SOUND,dlmlu
199,200,"CHANGBIN, BANG CHAN, SUNNY BOY, 베르사최 (VERSACHOI)",Lost Me,2/22/2023,THE SOUND,lostme
200,201,"SEUNGMIN, KM-Markit, BANG CHAN, Nickko Young (노현동)",Novel,2/22/2023,THE SOUND,novel
201,202,"CHANGBIN, RESTART (KOR)",DLC,6/2/2023,★★★★★ (5-STAR),dlc
202,203,"BANG CHAN, CHANGBIN, HAN (Stray Kids), 베르사최 (VERSACHOI)",위인전 (Hall of Fame),6/2/2023,★★★★★ (5-STAR),halloffame
203,204,"BANG CHAN, FELIX (Stray Kids), Trippy (트리피)",FNF,6/2/2023,★★★★★ (5-STAR),fnf
204,205,"BANG CHAN, CHANGBIN, HAN (Stray Kids), 베르사최 (VERSACHOI)",ITEM,6/2/2023,★★★★★ (5-STAR),item
205,206,"HAN (Stray Kids), 채강해 (Chae Kang Hae), RESTART (KOR)",죽어보자 (GET LIT),6/2/2023,★★★★★ (5-STAR),getlit
206,207,"BANG CHAN, Nickko Young (노현동)",Youtiful,6/2/2023,★★★★★ (5-STAR),youtiful
207,208,"BANG CHAN, CHANGBIN, HAN (Stray Kids), 채강해 (Chae Kang Hae), RESTART (KOR)",특 (S-Class),6/2/2023,★★★★★ (5-STAR),sclass
208,209,"BANG CHAN, CHANGBIN, HAN (Stray Kids), Zack Djurich, Kyle Reynolds, Chris LaRocca",THE SOUND (Korean Ver.),6/2/2023,★★★★★ (5-STAR),thesoundkoreanversion
209,210,"BANG CHAN, CHANGBIN, HAN (Stray Kids), 베르사최 (VERSACHOI), Tiger JK (타이거JK)",TOPLINE,6/2/2023,★★★★★ (5-STAR),topline
210,211,"HAN (Stray Kids), Millionboy (밀리언보이)",충돌 (Collision),6/2/2023,★★★★★ (5-STAR),collision
211,212,"BANG CHAN, CHANGBIN, HAN (Stray Kids), Zack Djurich, FELIX (Stray Kids)",Super Bowl,6/2/2023,★★★★★ (5-STAR),superbowl
212,213,"CHANGBIN, RESTART (KOR), 채강해 (Chae Kang Hae), SEUNGMIN",PARTY’S NOT OVER,8/1/2023,SKZ-PLAYER / SKZ-RECORD,partysnotover
213,214,"BANG CHAN, CHANGBIN, HAN (Stray Kids), Zack Djurich, FELIX (Stray Kids), KM-Markit",Super Bowl -Japanese version-,8/10/2023,Social Path / Super Bowl -Japanese version-,superbowljapaneseversion
214,215,"BANG CHAN, CHANGBIN, HAN (Stray Kids), Yo-Hei, 베르사최 (VERSACHOI)",Social Path,8/30/2023,Social Path / Super Bowl -Japanese version-,socialpath
215,216,"BANG CHAN, 베르사최 (VERSACHOI), Yo-Hei, D&H (PURPLE NIGHT)",Butterflies,9/6/2023,Social Path / Super Bowl -Japanese version-,butterflies
216,217,,Butterflies (Instrumental),9/6/2023,Social Path / Super Bowl -Japanese version-,butterfliesinstrumental
217,218,,Social Path (Instrumental),9/6/2023,Social Path / Super Bowl -Japanese version-,socialpathinstrumental
218,219,"HYUNJIN, BANG CHAN, Nickko Young (노현동)",가려줘 (Cover Me),11/10/2023,樂-STAR (ROCKSTAR),coverme
219,220,"BANG CHAN, CHANGBIN, HAN (Stray Kids), 베르사최 (VERSACHOI)",MEGAVERSE,11/10/2023,樂-STAR (ROCKSTAR),megaverse
220,221,"BANG CHAN, CHANGBIN, HAN (Stray Kids), Willie Weeks (Songwriter/Producer)",사각지대 (BLIND SPOT),11/10/2023,樂-STAR (ROCKSTAR),blindspot
221,222,"BANG CHAN, CHANGBIN, HAN (Stray Kids), Millionboy (밀리언보이)",COMFLEX,11/10/2023,樂-STAR (ROCKSTAR),comflex
222,223,"BANG CHAN, CHANGBIN, HAN (Stray Kids), 베르사최 (VERSACHOI), Kevin Gomringer, Tim Gomringer, Luis Bacqué, Nickko Young (노현동)",락 (樂) (LALALALA) (Rock Ver.),11/10/2023,樂-STAR (ROCKSTAR),lalalalarockver
223,224,"CHANGBIN, BANG CHAN, JUN2",Leave,11/10/2023,樂-STAR (ROCKSTAR),leave
224,225,"BANG CHAN, CHANGBIN, HAN (Stray Kids), 베르사최 (VERSACHOI)",Social Path (Korean Ver.),11/10/2023,樂-STAR (ROCKSTAR),socialpathkoreanversion
225,226,"BANG CHAN, CHANGBIN, HAN (Stray Kids), 베르사최 (VERSACHOI), Kevin Gomringer, Tim Gomringer, Luis Bacqué",락 (樂) (LALALALA),11/10/2023,樂-STAR (ROCKSTAR),lalalala
226,227,"BANG CHAN, CHANGBIN, HAN (Stray Kids), D&H (PURPLE NIGHT), Yo-Hei, 홍지상 (Hong Ji Sang)",WHY?,4/12/2024,<single>,why
227,228,"Charlie Puth, Jacob Kasher, Naliya, BANG CHAN, CHANGBIN, HAN (Stray Kids), Johnny Goldstein",Lose My Breath,5/10/2024,Lose My Breath,losemybreath
228,229,"Charlie Puth, BANG CHAN, CHANGBIN, HAN (Stray Kids), Johnny Goldstein",Lose My Breath (Instrumental),5/10/2024,Lose My Breath,losemybreathinstrumental
229,230,"Charlie Puth, Jacob Kasher, Naliya, Johnny Goldstein, BANG CHAN, CHANGBIN, HAN (Stray Kids)",Lose My Breath (Stray Kids Ver.),5/13/2024,Lose My Breath (Remixes),losemybreathstraykidsver
232,233,BANG CHAN,,,SKZ-REPLAY,connected
233,234,LEE KNOW,,,SKZ-REPLAY,limbo
234,235,CHANGBIN,,,SKZ-REPLAY,doodle
235,236,HYUNJIN,,,SKZ-REPLAY,loveuntold
236,237,HAN (Stray Kids),,,SKZ-REPLAY,run
237,238,Seungmin,,,SKZ-REPLAY,starsandraindrops
238,239,I.N,,,SKZ-REPLAY,hugme
239,240,HAN (Stray Kids),,,SKZ-REPLAY,close
240,241,"BANGCHAN, CHANGBIN",,,SKZ-REPLAY,streetlight
241,242,BANG CHAN,,,SKZ-REPLAY,idontwanttoadmitit
242,243,HAN (Stray Kids),,,SKZ-REPLAY,igotit
243,244,"HYUNJIN,",,,SKZ-REPLAY,littlestar
244,245,"BANG CHAN, CHANGBIN, I.N",,,SKZ-REPLAY,maknaeontop
245,246,HAN (Stray Kids),,,SKZ-REPLAY,alien
246,247,"BANG CHAN, CHANGBIN, FELIX (Stray Kids)",,,SKZ-REPLAY,causeilikeyou
247,248,"CHANGBIN, Seungmin",,,SKZ-REPLAY,piece
248,249,HAN (Stray Kids),,,SKZ-REPLAY,wishyouback
249,250,"BANG CHAN, LEE KNOW",,,SKZ-REPLAY,drive
250,251,"HYUNJIN,",,,SKZ-REPLAY,icecream
252,253,HAN (Stray Kids),,,SKZ-REPLAY,12345
253,254,HAN (Stray Kids),,,SKZ-REPLAY,13
254,255,"BANG CHAN, CHANGBIN, HAN (Stray Kids)",,,SKZ-REPLAY,allinkoreanversion
255,256,"BANG CHAN, I.N",,,SKZ-REPLAY,blackhole
257,258,"HYUNJIN,",,,SKZ-REPLAY,contradicting
258,259,CHANGBIN,,,SKZ-REPLAY,cypher
259,260,"BANG CHAN, CHANGBIN, HAN (Stray Kids)",,,SKZ-REPLAY,doubleknotjapaneseversion
261,262,Seungmin,,,SKZ-REPLAY,holdon
262,263,"BANG CHAN, CHANGBIN, HAN (Stray Kids)",,,SKZ-REPLAY,levanterjapaneseversion
263,264,"HYUNJIN,",,,SKZ-REPLAY,longforyou
264,265,"BANG CHAN, CHANGBIN, HAN (Stray Kids)",,,SKZ-REPLAY,losemybreathstraykidsversion
265,266,HAN (Stray Kids),,,SKZ-REPLAY,miserableyoume
266,267,"BANG CHAN, CHANGBIN, HAN (Stray Kids)",,,SKZ-REPLAY,mypacejapaneseversion
268,269,"BANG CHAN, CHANGBIN, HAN (Stray Kids)",,,SKZ-REPLAY,scarskoreanversion
271,272,I.N,,,SKZ-REPLAY,untitled
272,273,HAN (Stray Kids),,,SKZ-REPLAY,volcano
273,274,"LEE KNOW, HAN (Stray Kids)",,,SKZ-REPLAY,wantsobad
274,275,"BANG CHAN, CHANGBIN, HAN (Stray Kids)",,,SKZ-REPLAY,zone
275,276,HAN (Stray Kids),,,SKZ-REPLAY,happy
276,277,"BANG CHAN, CHANGBIN, HAN (Stray Kids)",,,SKZ-REPLAY,allmylifestraykidsremix
